{
    "epoch": [
        0,
        1,
        2,
        3,
        4,
        5,
        6,
        7,
        8,
        9
    ],
    "train_loss": [
        0.3337359180053075,
        0.26135600606600445,
        0.18348455677429834,
        0.1012244497736295,
        0.03217266499996185,
        0.02032449996719758,
        0.024118185974657536,
        0.013830711909880241,
        0.01322787394747138,
        0.012578353751450777
    ],
    "lr": [
        0.001,
        0.001,
        0.001,
        0.001,
        0.001,
        0.001,
        0.001,
        0.001,
        0.001,
        0.001
    ],
    "val_loss": [
        0.29351337254047394,
        0.2177731618285179,
        0.1362898126244545,
        0.05536414682865143,
        0.014363964088261127,
        0.028426910750567913,
        0.016683979891240597,
        0.013341563288122416,
        0.013067750260233879,
        0.010466305539011955
    ]
}